Role,Email
Technical,Technical@codebook.com
General,General@codebook.com
Financial,Financial@codebook.com
Support,Support@codebook.com
Senior,Senior@codebook.com
Domain,Domain@codebook.com
Signatory,Signatory@codebook.com
Advertisement,Advertisement@codebook.com
HR,HR@codebook.com
Global,Global@codebook.com
User,User@codebook.com
