ID,First_Name,Last_Name,Email,Location_City,Location_Country,DateOfJoining
R-1,Jeniffer,Cintron,Jeniffer_Cintron@gmail.com,Vila Pouca de Aguiar,Portugal,04-03-2020
R-2,Addie,Plaza,Addie_Plaza@hotmail.com,Midland,Canada,29-12-2019
R-3,Malorie,Heater,Malorie_Heater@gmail.com,San Rafael,Argentina,15-04-2019
R-4,Gia,Patino,Gia_Patino@iitd.ac.in,Morozovsk,Russia,30-11-2020
R-5,Abe,Nussbaum,Abe_Nussbaum@iiitd.ac.in,Novoaltaysk,Russia,15-07-2019
R-6,Sun,Nagel,Sun_Nagel@hotmail.com,Fengcheng,China,27-02-2018
R-7,Lyndia,Blowe,Lyndia_Blowe@yahoo.com,Vallauris,France,15-04-2020
R-8,Toya,Dutremble,Toya_Dutremble@iiitd.ac.in,Akrehamn,Norway,04-01-2020
R-9,Stanley,Badger,Stanley_Badger@iiitd.ac.in,Gulf Shores,United States,16-11-2020
R-10,Georgiann,Mayhugh,Georgiann_Mayhugh@iitd.ac.in,Chang'an,China,23-06-2018
R-11,Eliz,Gugino,Eliz_Gugino@iitd.ac.in,Bauta,Cuba,27-05-2018
R-12,Librada,Yawn,Librada_Yawn@gmail.com,Sevnica,Slovenia,25-04-2018
R-13,Ed,Robledo,Ed_Robledo@iitd.ac.in,Portsmouth,United Kingdom,16-05-2018
R-14,Rivka,Smathers,Rivka_Smathers@hotmail.com,Kaplice,Czechia,16-02-2020
R-15,Bette,Buscher,Bette_Buscher@hotmail.com,Macerata,Italy,12-10-2019
R-16,Stormy,Swan,Stormy_Swan@gmail.com,Hamilton Square,United States,10-03-2020
R-17,Edmundo,Boswell,Edmundo_Boswell@iitd.ac.in,Berane,Montenegro,05-07-2018
R-18,Brendan,Ehmann,Brendan_Ehmann@iitd.ac.in,Magnolia,United States,07-09-2018
R-19,Hildegard,Orndorff,Hildegard_Orndorff@iitd.ac.in,Oak Hills,United States,10-03-2020
R-20,Tomasa,William,Tomasa_William@gmail.com,Chico,United States,28-10-2018
R-21,Shellie,Lant,Shellie_Lant@yahoo.com,Worland,United States,22-11-2020
R-22,Domingo,Kimberly,Domingo_Kimberly@hotmail.com,Lecanto,United States,07-04-2019
R-23,Luisa,Daniele,Luisa_Daniele@gmail.com,Ashton in Makerfield,United Kingdom,17-11-2018
R-24,Laurie,Corsi,Laurie_Corsi@iitd.ac.in,Wibsey,United Kingdom,02-01-2018
R-25,Matilda,Kossman,Matilda_Kossman@yahoo.com,Kearney,United States,28-04-2018
R-26,Lizbeth,Permenter,Lizbeth_Permenter@gmail.com,Salem,India,02-02-2020
R-27,Carolynn,Altom,Carolynn_Altom@hotmail.com,Janakpur,Nepal,06-09-2020
R-28,Brenton,Digiovanni,Brenton_Digiovanni@hotmail.com,Ermoupoli,Greece,27-12-2018
R-29,Teodoro,Wherry,Teodoro_Wherry@gmail.com,Ushtobe,Kazakhstan,23-03-2019
R-30,Lesa,Arias,Lesa_Arias@gmail.com,Barnstable,United States,04-10-2019
R-31,Kathrine,Geier,Kathrine_Geier@gmail.com,Grove City,United States,05-02-2021
R-32,Ginette,Huseman,Ginette_Huseman@iitd.ac.in,East Wenatchee,United States,08-05-2019
R-33,Lynell,Mends,Lynell_Mends@gmail.com,Brewer,United States,15-01-2019
R-34,Lashell,Jeanbaptiste,Lashell_Jeanbaptiste@iiitd.ac.in,Balsas,Brazil,19-01-2021
R-35,Ria,Lathrop,Ria_Lathrop@iitd.ac.in,Three Springs,Australia,06-07-2020
R-36,Curt,Montoya,Curt_Montoya@gmail.com,Ghajnsielem,Malta,31-01-2018
R-37,Shaunta,Wimberly,Shaunta_Wimberly@gmail.com,Palmdale,United States,14-10-2018
R-38,Roscoe,Bogen,Roscoe_Bogen@yahoo.com,Kirkop,Malta,09-05-2018
R-39,Floyd,Meeker,Floyd_Meeker@gmail.com,Magelang,Indonesia,17-04-2020
R-40,Shaquita,Ochsner,Shaquita_Ochsner@gmail.com,South Monroe,United States,14-11-2018
R-41,Janeth,Pippen,Janeth_Pippen@gmail.com,Guixi,China,12-02-2019
R-42,Malia,Rast,Malia_Rast@yahoo.com,Moss Bluff,United States,30-06-2019
R-43,Salvatore,Kwak,Salvatore_Kwak@hotmail.com,Hallandale Beach,United States,21-12-2020
R-44,Jim,Sarris,Jim_Sarris@gmail.com,Huejutla de Reyes,Mexico,10-12-2020
R-45,Neomi,Walts,Neomi_Walts@gmail.com,Grande Prairie,Canada,10-11-2018
R-46,Treasa,Leland,Treasa_Leland@yahoo.com,St. Andrews,United States,18-08-2019
R-47,Chi,Fay,Chi_Fay@iitd.ac.in,Bekasi,Indonesia,23-02-2019
R-48,Johana,Gaunce,Johana_Gaunce@hotmail.com,Capenda Camulemba,Angola,12-09-2020
R-49,Merlene,Favors,Merlene_Favors@gmail.com,East Rockaway,United States,07-08-2020
R-50,Amparo,Ekdahl,Amparo_Ekdahl@gmail.com,Pereira Barreto,Brazil,25-07-2019
R-51,Jimmy,Weigel,Jimmy_Weigel@iitd.ac.in,Geiselhoring,Germany,02-10-2019
R-52,William,Bitting,William_Bitting@gmail.com,Segezha,Russia,25-03-2018
R-53,Lolita,Rusch,Lolita_Rusch@hotmail.com,Madaba,Jordan,23-06-2019
R-54,Andrea,Hyndman,Andrea_Hyndman@yahoo.com,Portland,United States,02-07-2018
R-55,Oretha,Oakland,Oretha_Oakland@gmail.com,Neenah,United States,11-11-2019
R-56,Zaida,Winebarger,Zaida_Winebarger@iitd.ac.in,Anoixi,Greece,15-04-2018
R-57,Joelle,Sprague,Joelle_Sprague@gmail.com,Plochingen,Germany,01-02-2019
R-58,Keitha,Guyton,Keitha_Guyton@gmail.com,Norwalk,United States,03-06-2019
R-59,Kit,Holtman,Kit_Holtman@yahoo.com,Seesen,Germany,08-06-2018
R-60,Lovella,Tefft,Lovella_Tefft@gmail.com,Miramas,France,08-08-2020
R-61,Cyrstal,Cousino,Cyrstal_Cousino@yahoo.com,Espoo,Finland,09-10-2020
R-62,Man,Leanos,Man_Leanos@yahoo.com,Woodlawn,United States,26-01-2018
R-63,Mittie,Dederick,Mittie_Dederick@yahoo.com,Kirkja,Faroe Islands,19-09-2018
R-64,Delaine,Leer,Delaine_Leer@yahoo.com,Lucas Valley-Marinwood,United States,28-10-2019
R-65,Fumiko,Deberry,Fumiko_Deberry@yahoo.com,Treherbert,United Kingdom,28-11-2020
R-66,Suzan,Senters,Suzan_Senters@gmail.com,Galleywood,United Kingdom,13-11-2018
R-67,Curtis,Dustin,Curtis_Dustin@gmail.com,Kanada,Japan,11-01-2020
R-68,Ettie,Rapozo,Ettie_Rapozo@yahoo.com,Butterworth,Malaysia,01-01-2020
R-69,Chantell,Mccown,Chantell_Mccown@iitd.ac.in,Swansea,United States,26-10-2020
R-70,Lorina,Rumsey,Lorina_Rumsey@hotmail.com,Adet,Ethiopia,02-05-2020
R-71,Michale,Fischetti,Michale_Fischetti@iitd.ac.in,San Juan,Costa Rica,29-12-2018
R-72,Annmarie,Foulds,Annmarie_Foulds@yahoo.com,Ipeuna,Brazil,30-11-2020
R-73,Rolando,Blick,Rolando_Blick@iiitd.ac.in,Casselberry,United States,31-01-2019
R-74,Troy,Bost,Troy_Bost@iitd.ac.in,Kirksville,United States,12-11-2019
R-75,Ester,Saum,Ester_Saum@gmail.com,Arran-Elderslie,Canada,13-01-2021
R-76,Nedra,Bowen,Nedra_Bowen@hotmail.com,Upper Macungie,United States,21-01-2019
R-77,Keven,Siers,Keven_Siers@yahoo.com,Komijan,Iran,29-03-2020
R-78,Coreen,Grizzell,Coreen_Grizzell@iitd.ac.in,Zeliezovce,Slovakia,19-04-2018
R-79,Edwina,Tyrell,Edwina_Tyrell@gmail.com,Korolev,Russia,22-01-2018
R-80,Rachele,Ayres,Rachele_Ayres@yahoo.com,Gunnison,United States,05-11-2020
R-81,Marisol,Cadden,Marisol_Cadden@yahoo.com,Provideniya,Russia,19-04-2018
R-82,Alia,Mckeen,Alia_Mckeen@yahoo.com,Ancud,Chile,23-12-2020
R-83,Berenice,Deshazo,Berenice_Deshazo@gmail.com,Woodhouse,United Kingdom,17-08-2018
R-84,Terisa,Ropp,Terisa_Ropp@iitd.ac.in,Newport Beach,United States,20-08-2020
R-85,Chara,Bays,Chara_Bays@yahoo.com,Cadereyta Jimenez,Mexico,14-06-2018
R-86,Kamilah,Kawakami,Kamilah_Kawakami@iiitd.ac.in,Lutsk,Ukraine,01-01-2019
R-87,Latina,Armentrout,Latina_Armentrout@gmail.com,Antsohihy,Madagascar,17-08-2020
R-88,Debrah,Chick,Debrah_Chick@iiitd.ac.in,Hailun,China,27-06-2018
R-89,Minh,Hua,Minh_Hua@yahoo.com,Antipolo,Philippines,20-06-2019
R-90,Nicolas,Nielsen,Nicolas_Nielsen@yahoo.com,Yaxley,United Kingdom,29-11-2018
R-91,Kenton,Edmisten,Kenton_Edmisten@gmail.com,Belozersk,Russia,25-01-2019
R-92,Detra,Chambers,Detra_Chambers@iiitd.ac.in,Campo Maior,Portugal,08-12-2020
R-93,Melodie,Knaub,Melodie_Knaub@gmail.com,Warrenville,United States,28-06-2019
R-94,Sal,Utz,Sal_Utz@iiitd.ac.in,Canon City,United States,05-06-2019
R-95,Shawnee,Worley,Shawnee_Worley@iiitd.ac.in,Toamasina,Madagascar,29-01-2018
R-96,Chau,Finkel,Chau_Finkel@hotmail.com,Todos Santos,Mexico,21-08-2018
R-97,Shaunda,Gagne,Shaunda_Gagne@iiitd.ac.in,Petersfield,United Kingdom,28-08-2019
R-98,Asa,Zobel,Asa_Zobel@iiitd.ac.in,Cibitoke,Burundi,11-12-2020
R-99,Frank,Cantley,Frank_Cantley@yahoo.com,Peje,Kosovo,28-01-2021
R-100,Georgine,Glaspie,Georgine_Glaspie@iiitd.ac.in,Juterbog,Germany,20-09-2020
R-101,Chiquita,Pinkerton,Chiquita_Pinkerton@yahoo.com,Khadbari,Nepal,08-01-2018
R-102,Kathaleen,Boshart,Kathaleen_Boshart@iiitd.ac.in,Havelock,United States,26-02-2020
R-103,Jeannie,Meacham,Jeannie_Meacham@iiitd.ac.in,Dera Ismail Khan,Pakistan,14-07-2019
R-104,Enid,Nembhard,Enid_Nembhard@iiitd.ac.in,Cudahy,United States,07-10-2019
R-105,Calista,Gaddy,Calista_Gaddy@iitd.ac.in,Haifa,Israel,10-10-2020
R-106,Isela,Mcdonough,Isela_Mcdonough@gmail.com,Altenburg,Germany,12-01-2019
R-107,Dreama,Hawes,Dreama_Hawes@hotmail.com,South Elgin,United States,21-07-2019
R-108,Arron,Hopple,Arron_Hopple@iitd.ac.in,Granada,Nicaragua,27-12-2020
R-109,Tuyet,Crosier,Tuyet_Crosier@hotmail.com,Petropavlovsk-Kamchatskiy,Russia,02-06-2020
R-110,Traci,Carmouche,Traci_Carmouche@yahoo.com,Iwashita,Japan,16-06-2020
R-111,Regina,Cecena,Regina_Cecena@hotmail.com,Bukachacha,Russia,12-05-2020
R-112,Mellie,Inskeep,Mellie_Inskeep@iitd.ac.in,Ferlach,Austria,25-01-2021
R-113,Deadra,Troia,Deadra_Troia@iiitd.ac.in,Boxley,United Kingdom,03-01-2021
R-114,Tania,Ruoff,Tania_Ruoff@yahoo.com,Velikiy Novgorod,Russia,05-12-2019
R-115,Arlena,Corona,Arlena_Corona@yahoo.com,Pili,Philippines,11-06-2018
R-116,Lillia,Braithwaite,Lillia_Braithwaite@iiitd.ac.in,Kirkcaldy,United Kingdom,29-01-2020
R-117,Rana,Anglin,Rana_Anglin@hotmail.com,Readington,United States,22-10-2020
R-118,Louanne,Milani,Louanne_Milani@iitd.ac.in,Duartina,Brazil,27-06-2018
R-119,Kurtis,Leick,Kurtis_Leick@hotmail.com,Dolni Chiflik,Bulgaria,28-12-2020
R-120,Jeramy,Gaylord,Jeramy_Gaylord@yahoo.com,Pokrov,Ukraine,12-12-2019
R-121,Leslie,Quam,Leslie_Quam@hotmail.com,Des Moines,United States,21-07-2020
R-122,Liza,Isham,Liza_Isham@iitd.ac.in,Altenerding,Germany,12-10-2018
R-123,Rolando,Oneal,Rolando_Oneal@iiitd.ac.in,Upper Nazareth,United States,07-06-2019
R-124,Sherryl,Brownstein,Sherryl_Brownstein@hotmail.com,Nitra,Slovakia,20-02-2019
R-125,Ilana,Catalan,Ilana_Catalan@gmail.com,Painesville,United States,01-02-2021
R-126,Taneka,Butter,Taneka_Butter@yahoo.com,Bothell East,United States,19-09-2019
R-127,Shin,Mccready,Shin_Mccready@gmail.com,Hutchinson,United States,03-07-2018
R-128,Angie,Dinan,Angie_Dinan@iiitd.ac.in,Elk Plain,United States,23-08-2020
R-129,Margaretta,Majewski,Margaretta_Majewski@yahoo.com,Athi River,Kenya,20-07-2019
R-130,Sam,Aschenbrenner,Sam_Aschenbrenner@hotmail.com,Villa Diaz Ordaz,Mexico,07-04-2019
R-131,Stasia,Weishaupt,Stasia_Weishaupt@gmail.com,Zabalj,Serbia,13-01-2021
R-132,Hillary,Salvas,Hillary_Salvas@hotmail.com,Rodach,Germany,08-05-2018
R-133,Sade,Cambra,Sade_Cambra@yahoo.com,Phayao,Thailand,08-01-2018
R-134,Glady,Osier,Glady_Osier@gmail.com,Maina,Guam,23-07-2019
R-135,Lasandra,Rada,Lasandra_Rada@iiitd.ac.in,Takahama,Japan,21-01-2019
R-136,Meridith,Lev,Meridith_Lev@yahoo.com,Karibib,Namibia,20-05-2019
R-137,Sheilah,Farnes,Sheilah_Farnes@iiitd.ac.in,Weingarten,Germany,11-05-2018
R-138,Candelaria,Alsobrook,Candelaria_Alsobrook@iiitd.ac.in,Rovinj,Croatia,06-02-2020
R-139,Noe,Cowart,Noe_Cowart@iiitd.ac.in,Makhambet,Kazakhstan,28-02-2019
R-140,Yvone,Reichel,Yvone_Reichel@yahoo.com,Pembroke,United States,26-05-2018
R-141,Jim,Tinney,Jim_Tinney@iiitd.ac.in,Plumtree,Zimbabwe,04-01-2021
R-142,Asha,Golden,Asha_Golden@gmail.com,Jawhar,Somalia,19-07-2020
R-143,Shavonda,Hyde,Shavonda_Hyde@hotmail.com,Crissier,Switzerland,30-04-2018
R-144,Bert,Devilbiss,Bert_Devilbiss@gmail.com,Khowrzuq,Iran,27-11-2019
R-145,Ula,Meller,Ula_Meller@yahoo.com,Steubenville,United States,07-04-2019
R-146,Valery,Carrigan,Valery_Carrigan@hotmail.com,Wandsworth,United Kingdom,22-07-2018
R-147,Danna,Brashears,Danna_Brashears@iitd.ac.in,Tiksi,Russia,08-09-2018
R-148,Eulalia,Mckibben,Eulalia_Mckibben@iiitd.ac.in,Edwards,United States,08-06-2018
R-149,Tula,Bilal,Tula_Bilal@yahoo.com,Clewiston,United States,20-10-2018
R-150,Maris,Hartline,Maris_Hartline@gmail.com,Maraba,Brazil,24-11-2019
