ID,User_Name,First_Name,Last_Name,Email,Organization,Location_City,Location_Country,DateOfBirth,DateOfJoining,TrustRating
U-1,LeoRiether,Leonardo,Riether,LeoRiether@hotmail.com,University of Brasilia,Ait Melloul,Morocco,16-04-2000,17-07-2019,100
U-2,-Sara-,Sara,Otadi,-Sara-@iitd.ac.in,Farzanegan,Lloydminster,Canada,03-09-1992,10-03-2016,100
U-3,zhanxufeng,Amparo,Ekdahl,zhanxufeng@hotmail.com,University of Brasilia,Gostynin,Poland,26-05-1987,03-11-2010,100
U-4,Believeu_us,Isela,Mcdonough,Believeu_us@hotmail.com,University of Brasilia,Stralsund,Germany,17-01-2001,28-04-2019,100
U-5,lPADORUlPADORUlPADORU,Tomasa,William,lPADORUlPADORUlPADORU@iitd.ac.in,University of Brasilia,Hamtramck,United States,15-09-1989,12-07-2010,100
U-6,WDCnew,Melodie,Knaub,WDCnew@iitd.ac.in,University of Brasilia,Trofa,Portugal,15-11-1995,29-05-2019,100
U-7,teoretik,Gia,Patino,teoretik@hotmail.com,University of Brasilia,Franceville,Gabon,02-10-1997,08-09-2019,100
U-8,asafiul,Azat,Safiullin,asafiul@yahoo.com,University of Brasilia,Razlog,Bulgaria,12-07-1984,14-06-2012,100
U-9,LemonYJ,Mittie,Dederick,LemonYJ@hotmail.com,University of Brasilia,Likino-Dulevo,Russia,22-04-1995,24-07-2019,100
U-10,xuanji,Melodie,Knaub,xuanji@gmail.com,University of Waterloo,Mexicaltzingo,Mexico,02-04-1980,06-05-2004,100
U-11,C5H8N4OI2,Georgine,Glaspie,C5H8N4OI2@hotmail.com,The University of Tokyo,Yomou,Guinea,16-09-1986,25-11-2011,100
U-12,sweetieeeee,Stasia,Weishaupt,sweetieeeee@yahoo.com,University of Brasilia,Pelham,United States,15-03-1996,25-06-2012,100
U-13,vikfil,Malorie,Heater,vikfil@gmail.com,University of Brasilia,Derventa,Bosnia And Herzegovina,21-11-2000,18-06-2018,100
U-14,Xzavie,Mittie,Dederick,Xzavie@iiitd.ac.in,Shenyang Aerospace University,Bulisa,Uganda,25-05-1982,10-06-1996,100
U-15,Zhang_sir00,Delaine,Leer,Zhang_sir00@yahoo.com,Farzanegan,Owen Sound,Canada,18-04-1994,10-11-2020,100
U-16,2114992323,Roscoe,Bogen,2114992323@yahoo.com,University of Brasilia,Razlog,Bulgaria,16-02-1994,08-10-2010,100
U-17,Nova_Terra,November,Terra,Nova_Terra@gmail.com,Shanghai University,East Milton,United States,16-07-1981,30-08-2003,100
U-18,Alcyter,Dreama,Hawes,Alcyter@gmail.com,University of Brasilia,Cernavoda,Romania,14-01-1984,26-11-2012,100
U-19,guxuanye,Detra,Chambers,guxuanye@gmail.com,Shanghai University,Hatvan,Hungary,12-12-1992,27-08-2007,100
U-20,NaBeleaua,Na,Beleaua,NaBeleaua@iiitd.ac.in,University of Brasilia,Kamo,Japan,22-10-1989,11-12-2010,100
U-21,4.5Tatami,Ujan,Samadder,4.5Tatami@iitd.ac.in,University of Dhaka,Yevlax,Azerbaijan,30-07-2002,02-06-2018,100
U-22,fragusbot,Deadra,Troia,fragusbot@yahoo.com,University of Brasilia,El Harhoura,Morocco,24-04-1992,20-08-2020,100
U-23,daryll-ko,Daryll Carlsten,Ko,daryll-ko@iiitd.ac.in,University of Brasilia,Borgarnes,Iceland,21-04-2004,04-04-2020,100
U-24,fxq1304,Louanne,Milani,fxq1304@gmail.com,University of Brasilia,Franceville,Gabon,27-09-2004,25-09-2018,100
U-25,Time_Rune,Coreen,Grizzell,Time_Rune@hotmail.com,University of Brasilia,Caballococha,Peru,21-07-1999,15-10-2017,100
U-26,AST_TheCoder,Al-Shahriar,Tonmoy,AST_TheCoder@gmail.com,University of Barisal,Warren,United States,29-03-1995,23-08-2019,100
U-27,CodigoL,Lautaro,Lasorsa,CodigoL@yahoo.com,University of Brasilia,Rosrath,Germany,13-01-1997,11-04-2010,100
U-28,Aksakal,Isela,Mcdonough,Aksakal@gmail.com,University of Brasilia,Sakaki,Japan,07-10-1989,15-08-2012,100
U-29,saarang123,Saarang,S,saarang123@iiitd.ac.in,Kostia Fan Club,Zelenikovo,Macedonia,28-12-1993,30-06-2015,100
U-30,MaytaCapac,Ria,Lathrop,MaytaCapac@iitd.ac.in,University of Waterloo,Hornsea,United Kingdom,11-12-1990,18-02-2018,100
U-31,inTemp,Ester,Saum,inTemp@gmail.com,IIT Roorkee,Mosul,Iraq,03-02-2000,28-01-2016,100
U-32,living_for_nothing,Glady,Osier,living_for_nothing@iiitd.ac.in,University of Barisal,East Milton,United States,20-09-1982,09-04-2014,100
U-33,min.O_O,Chiquita,Pinkerton,min.O_O@gmail.com,Farzanegan,Zelenikovo,Macedonia,21-10-1991,15-08-2014,100
U-34,tia99,Candelaria,Alsobrook,tia99@yahoo.com,University of Brasilia,Hornsea,United Kingdom,05-02-1981,16-10-2002,100
U-35,oreo816,Maris,Hartline,oreo816@iiitd.ac.in,University of Dhaka,Owen Sound,Canada,21-07-1998,18-01-2020,100
U-36,Uzumaki_Narutoo,Ahmed,Mohamed,Uzumaki_Narutoo@iiitd.ac.in,FCIS Ain Shams University,Priekuli,Latvia,04-02-1980,30-06-2011,100
U-37,_martynas,Martynas,Smaizys,_martynas@yahoo.com,KTU gymnasium,Montecastrilli,Italy,15-10-1991,16-01-2005,100
U-38,zucyo05,Rivka,Smathers,zucyo05@gmail.com,Google,Ilhabela,Brazil,04-07-2001,20-02-2015,100
U-39,tramvaychik777,Arlena,Corona,tramvaychik777@yahoo.com,University of Waterloo,Clarksburg,United States,23-05-2003,28-09-2017,100
U-40,Brother_mohit,Mohit,Yadav,Brother_mohit@hotmail.com,"Netaji Subhas Institute of Technology, Delhi",Highland,United States,24-10-1992,02-04-2007,100
U-41,RunGood,Chara,Bays,RunGood@iitd.ac.in,University of Waterloo,Yevlax,Azerbaijan,26-02-2000,17-12-2015,100
U-42,Alex2184,Aleksander,Bespalov,Alex2184@yahoo.com,PTHS,Berdychiv,Ukraine,13-06-1988,25-11-2016,100
U-43,NAIVE_JUSTIN,Yunze,Jiang,NAIVE_JUSTIN@iitd.ac.in,Hangzhou Xuejun High School,Razlog,Bulgaria,14-12-1993,18-03-2016,100
U-44,bobib,Rohith,Sajith,bobib@iiitd.ac.in,UC Berkeley,Wilmington,United States,10-11-1999,30-09-2020,100
U-45,Priyansh31dec,Priyansh,Agarwal,Priyansh31dec@iitd.ac.in,IIIT Delhi,Sakaki,Japan,18-08-1980,26-10-2003,100
U-46,AMO5,Amos,Tan,AMO5@gmail.com,Universiti Malaya,Bellevue,United States,02-01-2004,10-02-2019,100
U-47,cym_,Roscoe,Bogen,cym_@iiitd.ac.in,University of Brasilia,Berdychiv,Ukraine,02-09-1993,30-06-2020,100
U-48,Shironagi,Tania,Ruoff,Shironagi@gmail.com,Google,Larvik,Norway,09-06-1996,20-09-2019,100
U-49,Hasnaine_,Shahwat,Hasnaine,Hasnaine_@iitd.ac.in,Rajshahi University of Engineering and Technology,Gojra,Pakistan,07-11-1993,04-11-2015,100
U-50,GusMG,Gustavo,Meza García,GusMG@iitd.ac.in,Universidad Panamericana,Nida,Lithuania,20-06-2000,31-07-2013,100
U-51,LZFeng,Berenice,Deshazo,LZFeng@gmail.com,The University of Tokyo,Yorketown,United States,09-08-1993,10-09-2009,100
U-52,renascencepjw0510,Berenice,Deshazo,renascencepjw0510@iitd.ac.in,Tsinghua University,Temecula,United States,11-06-1989,12-09-2009,100
U-53,dengsh,Ester,Saum,dengsh@gmail.com,IIIT Delhi,Namaacha,Mozambique,26-12-2003,01-09-2020,100
U-54,nmnmnmnmnmnmnm,Kurtis,Leick,nmnmnmnmnmnmnm@iitd.ac.in,Farzanegan,Belleville,Canada,07-06-1984,11-11-2018,100
U-55,Lin2602,Lin,Chen,Lin2602@gmail.com,National Chupei Senior High School,Manila,Philippines,09-11-1988,14-11-2014,100
U-56,ToanVipPro,Troy,Bost,ToanVipPro@iiitd.ac.in,Universidad Panamericana,Brive-la-Gaillarde,France,19-12-1985,17-09-2008,100
U-57,kkite_gk,Jeniffer,Cintron,kkite_gk@iiitd.ac.in,Lyceum BSU,Larvik,Norway,05-05-2004,10-08-2018,100
U-58,rockphy,Shavonda,Hyde,rockphy@iitd.ac.in,The University of Tokyo,Messini,Greece,14-02-2002,28-07-2018,100
U-59,short-circuit,Melodie,Knaub,short-circuit@hotmail.com,University of Waterloo,Razlog,Bulgaria,29-11-2002,12-05-2020,100
U-60,watemus,Semyon,Tsekhnenko,watemus@hotmail.com,The most ******* organization in cf,Newport,United States,07-07-1986,04-01-2013,100
U-61,hollwo_pelw,Lashell,Jeanbaptiste,hollwo_pelw@iiitd.ac.in,Hội những người IQ dưới 20,Larvik,Norway,24-12-2001,09-08-2018,100
U-62,iShibly,Inamul Haque,Shibly,iShibly@yahoo.com,Jahangirnagar University,Hamtramck,United States,22-05-2001,20-04-2015,100
U-63,yuji9511,Yuji,Sugiyama,yuji9511@iitd.ac.in,The University of Tokyo,Cernavoda,Romania,15-03-2002,23-04-2017,100
U-64,soicon,Joelle,Sprague,soicon@iitd.ac.in,University of Waterloo,Wellington,United Kingdom,31-01-1999,01-02-2017,100
U-65,KshitijDwivedi,Kshitij,Dwivedi,KshitijDwivedi@yahoo.com,MANIT Bhopal,Derventa,Bosnia And Herzegovina,25-01-1995,05-11-2020,100
U-66,Crescent_Rose,Shaunda,Gagne,Crescent_Rose@iiitd.ac.in,UC Berkeley,Nyagan,Russia,13-06-1993,22-06-2011,100
U-67,AoLiGei,Neomi,Walts,AoLiGei@hotmail.com,University of Brasilia,Clarksburg,United States,20-05-1984,18-02-2011,100
U-68,Gyh_,Treasa,Leland,Gyh_@gmail.com,Universidad Panamericana,`Ayn `Isa,Syria,20-03-1982,29-03-2002,100
U-69,darklight13,Abhishek,Chopra,darklight13@iiitd.ac.in,IIT Patna,Borgarnes,Iceland,19-02-1998,01-03-2020,100
U-70,_starling_,Keitha,Guyton,_starling_@hotmail.com,Tsinghua University,Traben-Trarbach,Germany,28-05-2004,26-07-2017,100
U-71,Warriors_Cat,Chuangyu,Xu,Warriors_Cat@gmail.com,Guangdong Experimental High School,Rocky River,United States,23-02-1985,13-01-2014,100
U-72,ivan24,Frederick Ivan Michael,Tan,ivan24@iiitd.ac.in,Philippine Science High School - MC,Pelham,United States,24-07-1987,18-07-2002,100
U-73,priyanshu_x,Priyanshu,Bhardwaj,priyanshu_x@hotmail.com,National Institute of Technology Patna,Vaulx-en-Velin,France,20-07-1992,03-08-2006,100
U-74,davidv1992,Chantell,Mccown,davidv1992@hotmail.com,University of Waterloo,Hamtramck,United States,18-09-2001,14-06-2015,100
U-75,d.a.l.i.p,Alia,Mckeen,d.a.l.i.p@hotmail.com,Universidad Panamericana,Mosul,Iraq,11-03-2004,15-10-2020,100
U-76,maxfIow,Maxim,Khabarov,maxfIow@gmail.com,GAOU TO PhMS,Agadez,Niger,05-07-1995,17-11-2013,100
U-77,suzuken_w,Shavonda,Hyde,suzuken_w@yahoo.com,Waseda University,Cernavoda,Romania,28-06-1984,20-03-2001,100
U-78,code_worse,Vladislav,Ostapenko,code_worse@yahoo.com,The most ******* organization in cf,El Harhoura,Morocco,17-06-1992,04-06-2006,100
U-79,bigdekopon,Cyrstal,Cousino,bigdekopon@iitd.ac.in,University of Brasilia,Central,United States,30-11-1992,24-05-2015,100
U-80,BoHu_Q687,Rolando,Blick,BoHu_Q687@iitd.ac.in,University of Brasilia,Kamo,Japan,30-03-1985,18-11-2013,100
U-81,774269903,Glady,Osier,774269903@gmail.com,University of Waterloo,Stralsund,Germany,26-02-1986,08-05-2020,100
U-82,Ku_Top,Traci,Carmouche,Ku_Top@gmail.com,Sejong Academy of Science and Arts,Oshnaviyeh,Iran,01-05-2000,17-04-2014,100
U-83,Tiago_Marques,Toya,Dutremble,Tiago_Marques@yahoo.com,University of Brasilia,Acarigua,Venezuela,25-09-1989,28-10-2019,100
U-84,batsumaru,Ettie,Rapozo,batsumaru@iiitd.ac.in,University of Brasilia,Lloydminster,Canada,24-09-1984,04-11-2000,100
U-85,ssid8802,Siddharth,Singhal,ssid8802@iiitd.ac.in,Delhi Technological University,Nazilli,Turkey,08-10-1998,24-11-2018,100
U-86,ArminAzimi,Armin,Hamed Azimi,ArminAzimi@iitd.ac.in,AE high school,Caballococha,Peru,24-02-1993,04-04-2009,100
U-87,AduMaster,Keitha,Guyton,AduMaster@gmail.com,Carano School of Magic,Tacna,Peru,03-03-1994,21-04-2009,100
U-88,Lubba_Lubba,Dreama,Hawes,Lubba_Lubba@iiitd.ac.in,University of Brasilia,Yomou,Guinea,17-08-1999,27-08-2017,100
U-89,YuuKoito,Yuu,Koito,YuuKoito@iitd.ac.in,Student Council,Rocky River,United States,12-01-1989,03-03-2005,100
U-90,cooldude1103,Ujjwal,Goel,cooldude1103@iitd.ac.in,National Chupei Senior High School,Eyl,Somalia,30-03-1991,09-01-2018,100
U-91,Plan8,Kamilah,Kawakami,Plan8@yahoo.com,The University of Tokyo,Pelham,United States,26-07-1991,17-01-2005,100
U-92,Raiden,SH,Rony,Raiden@iitd.ac.in,Shahjalal University of Science and Technology,Royston,United Kingdom,08-11-1989,26-01-2017,100
U-93,kohandy,Donghyun,Koh,kohandy@iitd.ac.in,Seoul National University,Hubbard,United States,05-03-1994,08-05-2017,100
U-94,wjdghks97,Luisa,Daniele,wjdghks97@hotmail.com,The University of Tokyo,Nukus,Uzbekistan,07-07-2001,03-10-2019,100
U-95,tiagodias,Tiago,Dias,tiagodias@gmail.com,Instituto Superior Técnico,Grunstadt,Germany,14-11-1996,28-01-2020,100
U-96,abdelrahman011,Abdelrahman,Ahmed,abdelrahman011@iiitd.ac.in,FCIS Ain Shams University,East Milton,United States,04-10-1981,11-10-2005,100
U-97,Dayu2001,Li,Hongyu,Dayu2001@hotmail.com,FZYZ OI Group,Grunstadt,Germany,17-08-1982,11-05-2012,100
U-98,zjjws,Domingo,Kimberly,zjjws@iiitd.ac.in,University of Brasilia,El Harhoura,Morocco,19-09-2000,30-04-2020,100
U-99,Kira_1234,Kaustubh,Miglani,Kira_1234@hotmail.com,Indian Institute of Technology Madras,Black River,Jamaica,01-04-1989,16-04-2007,100
U-100,qqqqqcy,Delaine,Leer,qqqqqcy@hotmail.com,East China Normal University,Channahon,United States,31-05-1997,23-03-2011,100
U-101,sharath101,Sharath,Nair,sharath101@hotmail.com,NIT Calicut,Bad Pyrmont,Germany,05-02-1984,30-12-2011,100
U-102,swimmerstar,Fred,Zhang,swimmerstar@hotmail.com,Yale University,Wilmington,United States,24-01-1998,03-12-2011,100
U-103,harlequen,Jamil Brian,Palma Salazar,harlequen@iiitd.ac.in,Facultad Nacional de Ingeniería,Nukus,Uzbekistan,22-01-1987,28-11-2014,100
U-104,lewinlight,Shavonda,Hyde,lewinlight@iiitd.ac.in,Indian Institute of Technology Madras,Nukus,Uzbekistan,30-01-2001,28-10-2018,100
U-105,grass8cow,Fanyou,He,grass8cow@gmail.com,Chengdu Foreign Languages School,Rosrath,Germany,04-10-1993,22-11-2014,100
U-106,nacl_jht,HaiTing,JIANG,nacl_jht@yahoo.com,KTU gymnasium,Angra do Heroismo,Portugal,07-09-1989,07-11-2020,100
U-107,lenzer,Latina,Armentrout,lenzer@gmail.com,FCIS Ain Shams University,Nakai,Japan,22-12-2004,05-08-2019,100
U-108,jinboy73,Luisa,Daniele,jinboy73@iitd.ac.in,University of Brasilia,Ouidah,Benin,10-11-2000,21-12-2015,100
U-109,lory1608,Laurie,Corsi,lory1608@hotmail.com,IIIT Delhi,Stralsund,Germany,21-12-2003,11-06-2020,100
U-110,LengYun,Annmarie,Foulds,LengYun@gmail.com,Lanzhou University,Hornsea,United Kingdom,28-04-1998,04-06-2020,100
U-111,ManiacReset,Jeramy,Gaylord,ManiacReset@yahoo.com,Ildar Gainullin fun-club,Namaacha,Mozambique,30-11-2001,01-04-2015,100
U-112,nobodyknow,Noe,Cowart,nobodyknow@yahoo.com,NIT Calicut,Talca,Chile,13-12-2003,25-05-2017,100
U-113,eggag32,Egor,Gagushin,eggag32@iiitd.ac.in,USACO,Kamo,Japan,13-12-1992,01-03-2006,100
U-114,MOUF_MAHMALAT,Shaquita,Ochsner,MOUF_MAHMALAT@yahoo.com,University of Brasilia,Vaulx-en-Velin,France,01-01-1982,25-11-1999,100
U-115,CTWyh,Jeramy,Gaylord,CTWyh@iitd.ac.in,FZYZ OI Group,Mubi,Nigeria,28-01-1993,02-07-2016,100
U-116,prashant__ranjan,prashant,ranjan,prashant__ranjan@gmail.com,NIT Raipur,Royston,United Kingdom,12-02-1991,26-10-2017,100
U-117,lhy0930,Hongyu,Liao,lhy0930@hotmail.com,The Affiliated High School of SCNU,Urraween,Australia,20-09-1989,13-11-2020,100
U-118,Da7doo7,Mahmoud,Haddad,Da7doo7@hotmail.com,HIAST,Franceville,Gabon,02-12-2003,04-05-2019,100
U-119,Maezra6,Lolita,Rusch,Maezra6@gmail.com,Universidad Panamericana,Murang'a,Kenya,31-03-1993,20-03-2007,100
U-120,Andres_Alumets,Andres,Alumets,Andres_Alumets@yahoo.com,University of Brasilia,Murang'a,Kenya,12-09-1996,26-11-2010,100
U-121,pealfrog,leap,frog,pealfrog@yahoo.com,Hangzhou No.2 High School,Nakai,Japan,05-10-1989,14-11-2013,100
U-122,ojbkoxy,Domingo,Kimberly,ojbkoxy@iitd.ac.in,Seoul National University,Bady Bassitt,Brazil,13-01-1980,15-03-1997,100
U-123,zhendelan,Maris,Hartline,zhendelan@iiitd.ac.in,Guangdong Experimental High School,Grunstadt,Germany,09-12-1995,08-05-2016,100
U-124,lytQAQ,Yuting,Li,lytQAQ@iitd.ac.in,cyyz,Nida,Lithuania,11-07-1998,11-12-2020,100
U-125,Zygis0321,Georgiann,Mayhugh,Zygis0321@gmail.com,Vilnius University,Pelican Bay,United States,16-09-1987,19-08-2020,100
U-126,MGod,Hua Zhi,Vee,MGod@iitd.ac.in,ZS Fanclub,Rhinelander,United States,09-10-1989,25-09-2006,100
U-127,hnust_fujia,Jia,Fu,hnust_fujia@iitd.ac.in,Hunan University of Science and Technology,Great Falls,United States,31-08-1997,03-10-2011,100
U-128,KamilSL,Nicolas,Nielsen,KamilSL@hotmail.com,University of Brasilia,Razlog,Bulgaria,14-08-1981,28-06-2000,100
U-129,LYC_music,Bette,Buscher,LYC_music@iiitd.ac.in,University of Brasilia,Richmond,United States,20-01-2003,26-11-2017,100
U-130,XDEv11,Shin,Mccready,XDEv11@yahoo.com,National Cheng Kung U,Berdychiv,Ukraine,04-09-1986,30-12-2007,100
U-131,huangyi10040,Asha,Golden,huangyi10040@hotmail.com,Farzanegan,Great Falls,United States,06-07-1985,31-08-2015,100
U-132,b6e0,Xiang,Li,b6e0@gmail.com,Nanjing Foreign Language School,Bulkington,United Kingdom,24-06-1998,03-10-2019,100
U-133,danivilardell,Daniel,Vilardell,danivilardell@yahoo.com,Universitat Politècnica de Catalunya,Chestermere,Canada,13-08-1991,05-04-2010,100
U-134,usuyus,Floyd,Meeker,usuyus@gmail.com,Robert College,Ainaro,Timor-Leste,31-07-1986,09-08-2010,100
U-135,Roham,Roham,izadidoost,Roham@iiitd.ac.in,Allame Helli,Temecula,United States,13-09-1991,09-10-2011,100
U-136,wattaihei,Hildegard,Orndorff,wattaihei@hotmail.com,National Cheng Kung U,Eyl,Somalia,20-12-2004,24-12-2018,100
U-137,rhythem,Hillary,Salvas,rhythem@hotmail.com,Universiti Malaya,Chestermere,Canada,26-09-1992,07-12-2008,100
U-138,Crocuta,Saurabh,Singh,Crocuta@hotmail.com,IIT Patna,Oak Hill,United States,09-08-2003,20-03-2018,100
U-139,Valters07,Valters,Kalnins,Valters07@iitd.ac.in,Pirmā programmēšanas skola,Helensburgh,United Kingdom,17-07-2004,10-11-2020,100
U-140,Jujitsu,Sal,Utz,Jujitsu@yahoo.com,IIIT Delhi,Namaacha,Mozambique,20-12-1996,29-10-2020,100
U-141,bnkalya1502,Braj Nandan,Kalya,bnkalya1502@gmail.com,IIT Guwahati,Messini,Greece,27-08-1994,17-08-2011,100
U-142,OrangeRain,Annmarie,Foulds,OrangeRain@iitd.ac.in,UESTC,Dalry,United Kingdom,20-10-1984,17-10-2001,100
U-143,Harshad.256,Ettie,Rapozo,Harshad.256@gmail.com,University of Brasilia,Nazilli,Turkey,26-12-1996,20-03-2012,100
U-144,newbiewzs,Jeannie,Meacham,newbiewzs@iiitd.ac.in,Shanghai University,East Milton,United States,13-06-1988,30-08-2001,100
U-145,_reevu_lmao_ktksan_,Taneka,Butter,_reevu_lmao_ktksan_@hotmail.com,IIT Kanpur,Berdychiv,Ukraine,11-05-1992,09-07-2009,100
U-146,salty_fish,Brenton,Digiovanni,salty_fish@gmail.com,UC Berkeley,Rushden,United Kingdom,17-11-1999,14-01-2015,100
U-147,OkazakiNagisa,Nagisa,Okazaki,OkazakiNagisa@iitd.ac.in,IIIT Delhi,Hatvan,Hungary,12-03-1999,16-05-2014,100
U-148,BarSa,Zaida,Winebarger,BarSa@gmail.com,University of Waterloo,Oshnaviyeh,Iran,25-02-1986,04-12-2011,100
U-149,BRAINIAC77,Asif,Azad,BRAINIAC77@hotmail.com,BUET,Trofa,Portugal,15-07-2001,07-04-2016,100
U-150,surajchip2,Angie,Dinan,surajchip2@gmail.com,University of Brasilia,Borgarnes,Iceland,18-04-1983,28-05-2019,100
U-151,Ainur_Mukhtarow,Nicolas,Nielsen,Ainur_Mukhtarow@yahoo.com,University of Brasilia,Santa Rosa,Brazil,08-01-1988,03-11-2001,100
U-152,owojiecao,Neomi,Walts,owojiecao@gmail.com,University of Brasilia,Santa Rosa,Brazil,07-01-1992,05-04-2010,100
U-153,bunH2O,Rolando,Blick,bunH2O@hotmail.com,University of Brasilia,Stratford,New Zealand,03-04-2002,10-12-2016,100
U-154,tsaraf,Tanuj,Saraf,tsaraf@iiitd.ac.in,IIT Kharagpur,Namaacha,Mozambique,09-08-1990,05-05-2013,100
U-155,namelessgugugu,Rivka,Smathers,namelessgugugu@yahoo.com,UESTC,Povazska Bystrica,Slovakia,02-12-1996,29-05-2020,100
U-156,elvisbird,Treasa,Leland,elvisbird@hotmail.com,Philippine Science High School - MC,Agadez,Niger,01-01-1983,23-10-2012,100
U-157,xmt,Shin,Mccready,xmt@gmail.com,FZYZ OI Group,Loango,Congo (Brazzaville),23-12-1990,26-01-2010,100
U-158,rgnerdplayer,Ginette,Huseman,rgnerdplayer@iiitd.ac.in,National Taiwan University,Mosul,Iraq,13-06-1999,16-06-2018,100
U-159,Hossam,Hossam,Doma,Hossam@iitd.ac.in,Louai Zahran fan-club,Somers,United States,30-08-1984,26-12-1997,100
U-160,Karlis,Stormy,Swan,Karlis@hotmail.com,ZS Fanclub,Likino-Dulevo,Russia,22-10-1994,22-11-2014,100
U-161,born2bekaz,Chi,Fay,born2bekaz@yahoo.com,University of Waterloo,Hanover,United States,19-06-1997,04-08-2013,100
U-162,dujinyvluori,Georgiann,Mayhugh,dujinyvluori@yahoo.com,The most ******* organization in cf,Warren,United States,04-01-1997,14-05-2011,100
U-163,NaVi_Awson,Awson,Shen,NaVi_Awson@hotmail.com,Huazhong University of Science and Technology,Nazilli,Turkey,29-07-1988,05-08-2002,100
U-164,huangxiaodick,Lorina,Rumsey,huangxiaodick@hotmail.com,Harbin Engineering University,Tangermunde,Germany,05-10-2003,24-08-2020,100
U-165,D4nnyLee,Wei-Chieh,Lee,D4nnyLee@gmail.com,National Cheng Kung U,Zelenikovo,Macedonia,20-03-1996,02-08-2009,100
U-166,Dakto,Rolando,Oneal,Dakto@gmail.com,FCIS Ain Shams University,Rorschach,Switzerland,26-02-1988,08-09-2002,100
U-167,ssp_2000,Cyrstal,Cousino,ssp_2000@hotmail.com,University of Barisal,El Harhoura,Morocco,26-03-1987,20-04-2004,100
U-168,yiaoxuhoang,Ria,Lathrop,yiaoxuhoang@iitd.ac.in,FCIS Ain Shams University,Tacna,Peru,22-11-1999,05-06-2014,100
U-169,PH4N70M_666,Shaunda,Gagne,PH4N70M_666@gmail.com,University of Waterloo,Eyl,Somalia,26-10-1985,16-09-2012,100
U-170,CK2021,Abe,Nussbaum,CK2021@gmail.com,University of Brasilia,Ilhabela,Brazil,19-03-2001,06-09-2018,100
U-171,Fidisk,Edwina,Tyrell,Fidisk@gmail.com,Toanleism,Caballococha,Peru,02-02-1996,16-06-2014,100
U-172,knightmare_guran,William,Bitting,knightmare_guran@yahoo.com,Shanghai University,Kamo,Japan,19-01-1987,22-11-2017,100
U-173,mike_chu,Gia,Patino,mike_chu@iitd.ac.in,Shang Hai ZJGS,Berdychiv,Ukraine,03-01-2002,23-05-2016,100
U-174,XiKanDaoShuQianChongLang,Sal,Utz,XiKanDaoShuQianChongLang@iitd.ac.in,University of Waterloo,Hamtramck,United States,13-06-1990,19-08-2004,100
U-175,Ali_Zaiback,Ali,Zaiback,Ali_Zaiback@hotmail.com,Aleppo University,Icem,Brazil,07-03-1998,28-12-2011,100
U-176,stoorz,Sam,Aschenbrenner,stoorz@hotmail.com,IIIT Delhi,Norfolk,United States,05-10-1991,05-08-2015,100
U-177,aander,Candelaria,Alsobrook,aander@iiitd.ac.in,Aleppo University,Loango,Congo (Brazzaville),29-03-1992,01-06-2012,100
U-178,DoubleIce,Oretha,Oakland,DoubleIce@yahoo.com,Robert College,Dalry,United Kingdom,17-10-1989,05-09-2006,100
U-179,Elooh,Shaunta,Wimberly,Elooh@iiitd.ac.in,Peking University,Pinamar,Argentina,13-08-1990,26-04-2010,100
U-180,qwerasdfzxcl,Sanghoon,Park,qwerasdfzxcl@yahoo.com,Seoul Science HS,Ainaro,Timor-Leste,16-09-1997,20-07-2012,100
U-181,918106840453,Latina,Armentrout,918106840453@iiitd.ac.in,The most ******* organization in cf,Neudenau,Germany,05-05-1980,29-03-2009,100
U-182,kush_b,kush,Bansal,kush_b@hotmail.com,IIT Roorkee,Tarnow,Poland,10-11-1985,16-01-2017,100
U-183,igm,Asadullo,Ganiev,igm@yahoo.com,William Lin fan-club,Bady Bassitt,Brazil,21-05-2001,09-08-2017,100
U-184,emak,Berenice,Deshazo,emak@iitd.ac.in,University of Brasilia,Loango,Congo (Brazzaville),14-02-1990,27-10-2006,100
U-185,YanLei,Sherryl,Brownstein,YanLei@iitd.ac.in,Zhejiang Normal University,Caballococha,Peru,26-11-1998,26-07-2017,100
U-186,udon1206,Teodoro,Wherry,udon1206@gmail.com,Robert College,Taoyuan District,Taiwan,26-07-1987,19-01-2012,100
U-187,fishy15,Aaryan,Prakash,fishy15@yahoo.com,Impassionate Fan-Club,Millbrae,United States,03-12-1987,09-06-2015,100
U-188,Unity_wc,Tula,Bilal,Unity_wc@gmail.com,Jisuanke,Millbrae,United States,02-05-1998,17-01-2018,100
U-189,liningyuan19,Delaine,Leer,liningyuan19@iitd.ac.in,Toanleism,Povazska Bystrica,Slovakia,30-12-1984,27-04-2004,100
U-190,JFTS,Valery,Carrigan,JFTS@yahoo.com,Tsinghua University,Franceville,Gabon,28-04-1993,01-09-2010,100
U-191,Harshu2608,Sarthak,Jain,Harshu2608@yahoo.com,Chengdu Foreign Languages School,Blackwood,United Kingdom,13-03-1981,03-04-2015,100
U-192,d4rkn19ht,Minh,Hua,d4rkn19ht@gmail.com,University of Waterloo,Larvik,Norway,06-03-2001,13-08-2015,100
U-193,teey,Traci,Carmouche,teey@hotmail.com,PTHS,Messini,Greece,01-12-2002,07-08-2019,100
U-194,Cabpacob,Mikhail,Savrasov,Cabpacob@gmail.com,Poisk,El Harhoura,Morocco,02-09-1983,21-09-2010,100
U-195,santhosh_80,Pandravisam,Shiva Santhosh,santhosh_80@gmail.com,University of Brasilia,Bulisa,Uganda,28-05-1994,10-12-2012,100
U-196,Perry_Prasad_Platypus,Kavish,Lodha,Perry_Prasad_Platypus@iiitd.ac.in,IIT Roorkee,Hubbard,United States,05-09-1991,19-05-2017,100
U-197,huikang,Kurtis,Leick,huikang@yahoo.com,Singapore University of Technology and Design,Tacna,Peru,10-11-1999,27-03-2020,100
U-198,hirokazu1020,Gia,Patino,hirokazu1020@gmail.com,Philippine Science High School - MC,Nyagan,Russia,20-03-1997,04-05-2011,100
U-199,lin_rany2,Abe,Nussbaum,lin_rany2@iitd.ac.in,Shanghai University,Messini,Greece,11-02-1982,23-11-2013,100
U-200,Whiplash99,Akash,Bhalotia,Whiplash99@iiitd.ac.in,Manipal University Jaipur,Vanju-Mare,Romania,19-05-1992,17-05-2011,100
U-201,spaceleo,Leonid,Shalagin,spaceleo@yahoo.com,tatar solvers,Kobilje,Slovenia,07-02-1980,28-05-2015,100
U-202,zucker42,Joelle,Sprague,zucker42@hotmail.com,"University of California, San Diego",Blackwood,United Kingdom,14-12-1996,14-06-2017,100
U-203,YahiaSherif,Lizbeth,Permenter,YahiaSherif@gmail.com,German University in Cairo,Mexicaltzingo,Mexico,18-01-2004,19-03-2018,100
U-204,FHVirus,Traci,Carmouche,FHVirus@iiitd.ac.in,UESTC,Trofa,Portugal,16-02-1980,18-02-1993,100
U-205,uLo,Frank,Cantley,uLo@gmail.com,Indian Institute of Technology Madras,Stratford,New Zealand,23-06-1990,25-03-2019,100
U-206,little_misfortune,Mittie,Dederick,little_misfortune@yahoo.com,Higher School of Economics,Greetland,United Kingdom,14-06-1991,08-08-2018,100
U-207,kulmak41,Mellie,Inskeep,kulmak41@iitd.ac.in,Shanghai University,Nyagan,Russia,06-03-1995,28-01-2016,100
U-208,pophirasawa,Danna,Brashears,pophirasawa@iitd.ac.in,Beijing University of Posts and Telecommunications,Bulisa,Uganda,11-04-1984,12-04-2002,100
U-209,wahinipun000,Nipun,Wahi,wahinipun000@hotmail.com,BITS Pilani Hyderabad Campus,Tettnang,Germany,21-10-1990,19-11-2007,100
U-210,double,Alexander,Sarantcev,double@iitd.ac.in,FEFU,Icem,Brazil,21-05-1988,05-05-2013,100
U-211,IITianUG,Umang,Goel,IITianUG@gmail.com,Google,Wellington,United Kingdom,01-10-1983,01-08-2009,100
U-212,lolok123,Melodie,Knaub,lolok123@iiitd.ac.in,University of Brasilia,Alden,United States,27-11-2000,11-03-2016,100
U-213,_Zsz_,Debrah,Chick,_Zsz_@gmail.com,hohai university,Blackwood,United Kingdom,06-06-1992,20-10-2019,100
U-214,KHIN_236807,KH,9u46,KHIN_236807@gmail.com,Dalian Software Park Bilingual School,Tarnow,Poland,13-10-1980,08-09-2003,100
U-215,Molewus,Arron,Hopple,Molewus@yahoo.com,University of Brasilia,Rushden,United Kingdom,20-02-1993,10-10-2017,100
U-216,G.A.T.C,Kurtis,Leick,G.A.T.C@yahoo.com,University of Brasilia,Kyustendil,Bulgaria,02-09-1991,20-02-2020,100
U-217,weapon_x,Stasia,Weishaupt,weapon_x@yahoo.com,SecondThread FanClub,Gus'-Khrustal'nyy,Russia,16-07-1993,12-05-2017,100
U-218,deafakioi,Chiquita,Pinkerton,deafakioi@hotmail.com,Tsinghua University,Caribou,United States,25-09-1980,11-12-1994,100
U-219,slah007,Ettie,Rapozo,slah007@hotmail.com,ZS Fanclub,Greetland,United Kingdom,18-11-1996,04-11-2015,100
U-220,nemupm,Floyd,Meeker,nemupm@iiitd.ac.in,The University of Tokyo,Hornsea,United Kingdom,01-03-2000,05-08-2014,100
U-221,ARINOOR,Arian,Noorzadeh,ARINOOR@iiitd.ac.in,Allame Helli 10,Lynnfield,United States,22-03-1982,04-02-2016,100
U-222,roshan_mehta,Roshan,Kumar,roshan_mehta@yahoo.com,IIT Guwahati,Sarapul,Russia,31-01-1985,30-12-2019,100
U-223,emperor_gentoo,Detra,Chambers,emperor_gentoo@gmail.com,Aleppo University,Borgarnes,Iceland,01-01-1991,22-11-2010,100
U-224,John_Cheng,Tania,Ruoff,John_Cheng@yahoo.com,Shanghai University,Thaba-Tseka,Lesotho,14-12-1990,03-04-2008,100
U-225,Lone_Wolf_Delena,DHRUV,GUPTA,Lone_Wolf_Delena@iiitd.ac.in,IIT BHU Varanasi,Razlog,Bulgaria,27-05-2003,18-11-2016,100
U-226,amystar101,Aman,Singh,amystar101@iiitd.ac.in,Delhi Technological University,Babanusah,Sudan,30-10-2000,18-11-2016,100
U-227,kawara_y,Yuki,Kawara,kawara_y@yahoo.com,fun fan club,Chestermere,Canada,26-10-1995,12-12-2009,100
U-228,AmdSadi,Sadi,Md. Aziz Khan,AmdSadi@iitd.ac.in,American International University Bangladesh,Greetland,United Kingdom,05-04-1987,07-06-2010,100
U-229,Wak_Joyg,Shaunda,Gagne,Wak_Joyg@iiitd.ac.in,FCIS Ain Shams University,Mexicaltzingo,Mexico,19-04-1987,25-06-2015,100
U-230,kocko,Konstantin,Yovkov,kocko@iitd.ac.in,Tsinghua University,Larvik,Norway,04-06-1988,14-10-2005,100
U-231,AK.,Ahasan,Kabir,AK.@iiitd.ac.in,Chittagong University of Eng and Tech,Nakai,Japan,08-01-2002,23-06-2019,100
U-232,XDKalia,Sal,Utz,XDKalia@iitd.ac.in,Tsinghua University,Riverside,United States,10-10-2003,25-03-2019,100
U-233,Komeiji_Green,Hillary,Salvas,Komeiji_Green@iiitd.ac.in,Harbin Institute of Technology,Taoyuan District,Taiwan,01-09-1982,21-04-1998,100
U-234,mkawa2,Delaine,Leer,mkawa2@hotmail.com,Delhi Technological University,Tettnang,Germany,16-02-1989,22-03-2002,100
U-235,TYpeWriting,Arlena,Corona,TYpeWriting@iiitd.ac.in,Toanleism,Lloydminster,Canada,08-02-1987,07-10-2017,100
U-236,shinoda_shx,Noe,Cowart,shinoda_shx@hotmail.com,SWJTU,Gourock,United Kingdom,24-01-1982,04-05-2010,100
U-237,soham_mittal,Man,Leanos,soham_mittal@yahoo.com,"Vellore Institute of Technology,Vellore",Helensburgh,United Kingdom,29-07-1997,30-01-2018,100
U-238,EJOI_Gold,Ester,Saum,EJOI_Gold@gmail.com,University of Brasilia,Bulkington,United Kingdom,07-11-1981,05-12-2009,100
U-239,phyllo,Lillia,Braithwaite,phyllo@iiitd.ac.in,Jahangirnagar University,Loango,Congo (Brazzaville),13-12-2001,13-08-2018,100
U-240,wild_card_entry,Saumya,Raj,wild_card_entry@yahoo.com,IIT BHU Varanasi,Razlog,Bulgaria,21-04-1986,07-10-2014,100
U-241,keemzen,Depeche,Mode,keemzen@iiitd.ac.in,IIT Guwahati,Gourock,United Kingdom,06-06-1991,07-05-2017,100
U-242,andkra,Cyrstal,Cousino,andkra@hotmail.com,NIT Calicut,Babanusah,Sudan,18-09-1982,18-09-1999,100
U-243,Edgedancer,Shawly,Ahsan,Edgedancer@hotmail.com,Chittagong University of Eng and Tech,Kamo,Japan,26-04-1989,02-04-2006,100
U-244,hp.1011,Teodoro,Wherry,hp.1011@iiitd.ac.in,The University of Tokyo,Damghan,Iran,09-02-1983,17-01-2018,100
U-245,praying_cqf,Ula,Meller,praying_cqf@iiitd.ac.in,University of Brasilia,Nyagan,Russia,12-03-2003,21-09-2016,100
U-246,dannyboy20031204,Rana,Anglin,dannyboy20031204@yahoo.com,University of Brasilia,Thermalito,United States,06-12-1993,28-11-2020,100
U-247,1427314831a,Maris,Hartline,1427314831a@gmail.com,Lyceum BSU,Qala,Malta,01-12-1995,17-10-2019,100
U-248,lioshik_,Alexey,Smirnov,lioshik_@yahoo.com,"Ekaterinburg, gymnasium 9",Alden,United States,09-11-1991,24-07-2018,100
U-249,Fuzen527,Kit,Holtman,Fuzen527@hotmail.com,"Pui Ching Middle School, Hong Kong",Ilhabela,Brazil,02-07-1980,28-06-1997,100
U-250,15158022064,Curt,Montoya,15158022064@iitd.ac.in,University of Brasilia,Tacna,Peru,17-07-1998,18-09-2013,100
U-251,DinoMax,Enid,Nembhard,DinoMax@gmail.com,Tongji University,Dalry,United Kingdom,04-03-2002,08-05-2019,100
U-252,JOICOMP,Kathaleen,Boshart,JOICOMP@gmail.com,Jisuanke,Gus'-Khrustal'nyy,Russia,13-12-1998,15-06-2016,100
U-253,elzaralian,Delaine,Leer,elzaralian@iitd.ac.in,UESTC,Wellington,United Kingdom,24-12-1981,24-04-1996,100
U-254,jaewoo2009,Sal,Utz,jaewoo2009@gmail.com,University of Barisal,Robinson,United States,30-08-1997,29-10-2018,100
U-255,Bliznetc,Malia,Rast,Bliznetc@iitd.ac.in,HIAST,Tecklenburg,Germany,10-05-1992,19-08-2011,100
U-256,justys,Tan Y,Huynh,justys@iiitd.ac.in,Danang University of Science and Technology,Ouidah,Benin,24-05-1997,08-01-2019,100
U-257,np_compete007,Rachele,Ayres,np_compete007@iiitd.ac.in,NIT Durgapur,Yevlax,Azerbaijan,02-08-1983,25-05-2020,100
U-258,myx12345,Joelle,Sprague,myx12345@hotmail.com,University of Waterloo,Qala,Malta,12-09-2000,25-12-2019,100
U-259,Ruturaj_Godse,Ruturaj,Godse,Ruturaj_Godse@iitd.ac.in,"BITS Pilani, Goa Campus",Stralsund,Germany,11-07-1990,20-02-2012,100
U-260,FluffyTT,Ilana,Catalan,FluffyTT@hotmail.com,Harbin Institute of Technology,Ilhabela,Brazil,24-04-1983,28-11-2017,100
U-261,Turkey,Noe,Cowart,Turkey@gmail.com,SecondThread FanClub,Rocky River,United States,02-12-1982,13-10-2003,100
U-262,snewptl,Lasandra,Rada,snewptl@yahoo.com,Delhi Technological University,Wellington,United Kingdom,05-05-1988,11-12-2009,100
U-263,laozhu1234,Chantell,Mccown,laozhu1234@hotmail.com,FCIS Ain Shams University,Vaulx-en-Velin,France,27-04-1993,03-07-2020,100
U-264,flashsonic,Rich,Wang,flashsonic@hotmail.com,Timothy Feng Fan-Club,Neudenau,Germany,27-05-1999,03-04-2018,100
U-265,KagamiharaNadeshiko,Abe,Nussbaum,KagamiharaNadeshiko@iiitd.ac.in,Hunan University of Science and Technology,Wadenswil,Switzerland,12-05-1996,11-12-2013,100
U-266,ZeroHL,Sal,Utz,ZeroHL@gmail.com,UESTC,Kamsar,Guinea,17-10-1993,25-07-2019,100
U-267,sdfz171047,Terisa,Ropp,sdfz171047@hotmail.com,The Middle School Affiliated to SDU,Tacna,Peru,14-09-1990,09-09-2006,100
U-268,BKsher,Volodymyr,Tochoniy,BKsher@yahoo.com,Fan-club Maksim Filkin,Bulisa,Uganda,25-09-1989,04-04-2009,100
U-269,ButterflyDew,Ula,Meller,ButterflyDew@iiitd.ac.in,BITS Pilani Hyderabad Campus,Ouidah,Benin,22-08-1980,06-11-2017,100
U-270,Amanbhadauria01,Berenice,Deshazo,Amanbhadauria01@gmail.com,University of Brasilia,Riverside,United States,05-12-1997,09-02-2017,100
U-271,Sugardorj,Sugardorj,Chagnaadorj,Sugardorj@yahoo.com,Erkhet Erdem,Sakaki,Japan,11-05-1999,31-07-2017,100
U-272,northsky0307,Kit,Holtman,northsky0307@iitd.ac.in,Universitat Politècnica de Catalunya,Kamsar,Guinea,10-03-1980,28-10-2019,100
U-273,A_Pikachu,Luisa,Daniele,A_Pikachu@yahoo.com,IIIT Delhi,Derventa,Bosnia And Herzegovina,30-03-1996,21-09-2013,100
U-274,utsav_deep,UTSAV,DEEP,utsav_deep@hotmail.com,Circles.Life,Franceville,Gabon,01-08-1984,12-02-2001,100
U-275,MetaG,Rana,Anglin,MetaG@yahoo.com,University of Brasilia,Franceville,Gabon,13-12-1987,19-03-2005,100
U-276,z_x,Oretha,Oakland,z_x@gmail.com,Hangzhou Dianzi U,Warren,United States,20-01-2004,24-10-2018,100
U-277,Zhabka,Rolando,Blick,Zhabka@iiitd.ac.in,"Arif, where is my key!?",Eyl,Somalia,07-09-2000,10-09-2013,100
U-278,2020akadaver,Neomi,Walts,2020akadaver@iitd.ac.in,UC Berkeley,Hornsea,United Kingdom,01-04-1987,12-10-2000,100
U-279,swapnil159,Swapnil,Mahajan,swapnil159@iiitd.ac.in,HBTI Kanpur,Larvik,Norway,23-05-1981,01-08-2019,100
U-280,Da_H_G,Andy,van Horssen,Da_H_G@yahoo.com,Shanghai High School International Division,Atascocita,United States,16-02-1987,25-11-2018,100
U-281,AasavBadera,Aasav,Badera,AasavBadera@gmail.com,IIT BHU Varanasi,Nukus,Uzbekistan,19-05-1991,13-06-2019,100
U-282,DeMen100ns,Vo,Khac Trieu,DeMen100ns@iiitd.ac.in,Paul Pham fan-club,East Milton,United States,15-03-1982,11-05-2002,100
U-283,vladmart,Merlene,Favors,vladmart@hotmail.com,Mordovia SU,Great Falls,United States,21-03-1990,21-05-2007,100
U-284,Kwords,Wenhai,Wang,Kwords@iiitd.ac.in,Zhejiang University City College,Franceville,Gabon,17-05-2000,22-02-2016,100
U-285,sexyAKking,Melodie,Knaub,sexyAKking@gmail.com,Yale University,Santa Rosa,Brazil,11-10-2003,15-11-2020,100
U-286,cychien,Chien-Yi,Chien,cychien@yahoo.com,National Taiwan University,Talca,Chile,01-12-1998,21-03-2015,100
U-287,interlude,Noe,Cowart,interlude@gmail.com,FCIS Ain Shams University,Greetland,United Kingdom,22-05-1990,26-03-2004,100
U-288,mathking1021,Seok Hyeon,Jung,mathking1021@hotmail.com,Gyeonggi Science High School,Yevlax,Azerbaijan,07-09-1995,27-03-2016,100
U-289,ZeyadKhattab,Zeyad,Khattab,ZeyadKhattab@yahoo.com,German University in Cairo,Sarapul,Russia,20-01-2003,06-09-2017,100
U-290,cjc,june,chen,cjc@iitd.ac.in,University of Dhaka,Mubi,Nigeria,27-09-1997,29-08-2019,100
U-291,czsnb,Glady,Osier,czsnb@gmail.com,IIIT Delhi,Razlog,Bulgaria,24-04-1981,01-09-2016,100
U-292,bhatnagar.mradul,Mradul,Bhatnagar,bhatnagar.mradul@gmail.com,BITS Pilani Goa Campus,Borgarnes,Iceland,01-11-1986,12-06-2008,100
U-293,The_Original_Popeye,Shellie,Lant,The_Original_Popeye@hotmail.com,University of Waterloo,Acarigua,Venezuela,01-03-1997,23-01-2015,100
U-294,smit.mangukiya,Smit,Mangukiya,smit.mangukiya@yahoo.com,DA-IICT,Tettnang,Germany,27-09-1980,08-08-2014,100
U-295,gjznb,Ria,Lathrop,gjznb@gmail.com,IIIT Delhi,Tangermunde,Germany,09-11-2000,01-11-2016,100
U-296,kiyoya2106,Harsh,Ranjan,kiyoya2106@hotmail.com,IIIT Allahabad,Oak Hill,United States,25-02-1987,20-01-2003,100
U-297,minhnguyenxuan60,Margaretta,Majewski,minhnguyenxuan60@hotmail.com,Thpt chuyên Trần Đại Nghĩa,Alden,United States,28-03-2001,17-07-2017,100
U-298,Hemose,Ibrahim,Dewedar,Hemose@gmail.com,German University in Cairo,Mount Arlington,United States,31-05-1981,13-01-2017,100
U-299,jinseo,Liza,Isham,jinseo@iitd.ac.in,University of Brasilia,Mosul,Iraq,18-03-1987,10-09-2011,100
U-300,danza,Daniel,Oravec,danza@hotmail.com,KSP Slovakia,Urraween,Australia,25-03-1998,22-01-2016,100
