ID,First_Name,Last_Name,Email,Location_City,Location_Country,DateOfJoining
1,Jeniffer,Cintron,Jeniffer_Cintron@hotmail.com,Cauquenes,Chile,28-10-2019
2,Addie,Plaza,Addie_Plaza@yahoo.com,Spanish Lake,United States,01-07-2018
3,Malorie,Heater,Malorie_Heater@iiitd.ac.in,Kelowna,Canada,08-03-2018
4,Gia,Patino,Gia_Patino@hotmail.com,Lancaster,United Kingdom,13-02-2018
5,Abe,Nussbaum,Abe_Nussbaum@gmail.com,Lake Mills,United States,16-11-2018
6,Sun,Nagel,Sun_Nagel@hotmail.com,Otradnyy,Russia,10-09-2019
7,Lyndia,Blowe,Lyndia_Blowe@gmail.com,Korolev,Russia,15-10-2020
8,Toya,Dutremble,Toya_Dutremble@gmail.com,Puerto Vallarta,Mexico,22-02-2020
9,Stanley,Badger,Stanley_Badger@yahoo.com,Lakewood,United States,05-04-2019
10,Georgiann,Mayhugh,Georgiann_Mayhugh@yahoo.com,Yaransk,Russia,29-01-2018
11,Eliz,Gugino,Eliz_Gugino@iiitd.ac.in,Pine Township,United States,22-04-2018
12,Librada,Yawn,Librada_Yawn@iiitd.ac.in,Llantrisant,United Kingdom,12-12-2020
13,Ed,Robledo,Ed_Robledo@gmail.com,Champion Heights,United States,17-11-2018
14,Rivka,Smathers,Rivka_Smathers@yahoo.com,SeaTac,United States,03-03-2018
15,Bette,Buscher,Bette_Buscher@yahoo.com,Maine,United States,28-03-2018
16,Stormy,Swan,Stormy_Swan@iiitd.ac.in,Neu Isenburg,Germany,22-05-2020
17,Edmundo,Boswell,Edmundo_Boswell@yahoo.com,Kralupy nad Vltavou,Czechia,16-03-2019
18,Brendan,Ehmann,Brendan_Ehmann@yahoo.com,Downey,United States,17-01-2021
19,Hildegard,Orndorff,Hildegard_Orndorff@iiitd.ac.in,Odienne,Côte D’Ivoire,28-12-2020
20,Tomasa,William,Tomasa_William@gmail.com,Upper Saddle River,United States,17-12-2019
21,Shellie,Lant,Shellie_Lant@yahoo.com,Whitehorse,Canada,24-04-2020
22,Domingo,Kimberly,Domingo_Kimberly@iiitd.ac.in,Brenham,United States,14-12-2019
23,Luisa,Daniele,Luisa_Daniele@yahoo.com,Manor Township,United States,21-11-2019
24,Laurie,Corsi,Laurie_Corsi@yahoo.com,Nova Alianca,Brazil,16-12-2019
25,Matilda,Kossman,Matilda_Kossman@hotmail.com,Bryan,United States,10-05-2018
26,Lizbeth,Permenter,Lizbeth_Permenter@yahoo.com,Worgl,Austria,15-05-2018
27,Carolynn,Altom,Carolynn_Altom@gmail.com,Haag,Austria,08-11-2019
28,Brenton,Digiovanni,Brenton_Digiovanni@hotmail.com,Dongyang,China,04-10-2018
29,Teodoro,Wherry,Teodoro_Wherry@hotmail.com,Lexington,United States,12-06-2018
30,Lesa,Arias,Lesa_Arias@gmail.com,Xigaze,China,28-10-2018
31,Kathrine,Geier,Kathrine_Geier@yahoo.com,Krasnoslobodsk,Russia,28-05-2019
32,Ginette,Huseman,Ginette_Huseman@iiitd.ac.in,Letavertes,Hungary,19-06-2018
33,Lynell,Mends,Lynell_Mends@yahoo.com,Metropolis,United States,01-03-2019
34,Lashell,Jeanbaptiste,Lashell_Jeanbaptiste@gmail.com,Tassin-la-Demi-Lune,France,11-06-2020
35,Ria,Lathrop,Ria_Lathrop@hotmail.com,Rasdhoo,Maldives,01-01-2019
36,Curt,Montoya,Curt_Montoya@gmail.com,Warwick,United States,07-02-2019
37,Shaunta,Wimberly,Shaunta_Wimberly@iiitd.ac.in,Sarnen,Switzerland,20-08-2020
38,Roscoe,Bogen,Roscoe_Bogen@gmail.com,Plattling,Germany,12-10-2020
39,Floyd,Meeker,Floyd_Meeker@iiitd.ac.in,Riviere-du-Loup,Canada,19-07-2019
40,Shaquita,Ochsner,Shaquita_Ochsner@gmail.com,Yukhnov,Russia,15-03-2020
41,Janeth,Pippen,Janeth_Pippen@iiitd.ac.in,Hudson,United States,18-07-2020
42,Malia,Rast,Malia_Rast@hotmail.com,Cuautla,Mexico,23-04-2018
43,Salvatore,Kwak,Salvatore_Kwak@iiitd.ac.in,Snowflake,United States,31-08-2020
44,Jim,Sarris,Jim_Sarris@hotmail.com,Ocean City,United States,09-03-2020
45,Neomi,Walts,Neomi_Walts@iiitd.ac.in,Egham,United Kingdom,29-06-2019
46,Treasa,Leland,Treasa_Leland@gmail.com,Braunfels,Germany,13-01-2019
47,Chi,Fay,Chi_Fay@gmail.com,Teofilo Otoni,Brazil,06-01-2021
48,Johana,Gaunce,Johana_Gaunce@gmail.com,Orcutt,United States,27-01-2018
49,Merlene,Favors,Merlene_Favors@iiitd.ac.in,Sever do Vouga,Portugal,16-05-2018
50,Amparo,Ekdahl,Amparo_Ekdahl@yahoo.com,Mzuzu,Malawi,22-07-2020
51,Jimmy,Weigel,Jimmy_Weigel@yahoo.com,Grodzisk Mazowiecki,Poland,25-01-2021
52,William,Bitting,William_Bitting@gmail.com,Tuttle,United States,27-11-2018
53,Lolita,Rusch,Lolita_Rusch@hotmail.com,Lovech,Bulgaria,06-11-2018
54,Andrea,Hyndman,Andrea_Hyndman@hotmail.com,Silveiras,Brazil,01-08-2020
55,Oretha,Oakland,Oretha_Oakland@gmail.com,Souda,Greece,27-09-2018
56,Zaida,Winebarger,Zaida_Winebarger@iiitd.ac.in,Windham,United States,02-06-2020
57,Joelle,Sprague,Joelle_Sprague@iiitd.ac.in,Butler Township,United States,19-05-2019
58,Keitha,Guyton,Keitha_Guyton@gmail.com,Sunderland,United Kingdom,02-01-2018
59,Kit,Holtman,Kit_Holtman@iiitd.ac.in,To`rtko`l Shahri,Uzbekistan,15-11-2018
60,Lovella,Tefft,Lovella_Tefft@yahoo.com,Aldine,United States,13-04-2019
61,Cyrstal,Cousino,Cyrstal_Cousino@hotmail.com,Arcadia,United States,17-11-2018
62,Man,Leanos,Man_Leanos@hotmail.com,Sidmouth,United Kingdom,22-01-2018
63,Mittie,Dederick,Mittie_Dederick@hotmail.com,Elbridge,United States,05-10-2019
64,Delaine,Leer,Delaine_Leer@yahoo.com,Brynmawr,United Kingdom,24-11-2018
65,Fumiko,Deberry,Fumiko_Deberry@gmail.com,Longton,United Kingdom,04-04-2019
66,Suzan,Senters,Suzan_Senters@yahoo.com,Las Piedras,Uruguay,29-12-2019
67,Curtis,Dustin,Curtis_Dustin@hotmail.com,Vidin,Bulgaria,29-04-2018
68,Ettie,Rapozo,Ettie_Rapozo@yahoo.com,Kenzingen,Germany,26-10-2020
69,Chantell,Mccown,Chantell_Mccown@iiitd.ac.in,Cidade de Nacala,Mozambique,06-07-2020
70,Lorina,Rumsey,Lorina_Rumsey@gmail.com,Bernards,United States,18-10-2020
71,Michale,Fischetti,Michale_Fischetti@iiitd.ac.in,Calbayog City,Philippines,21-06-2019
72,Annmarie,Foulds,Annmarie_Foulds@iiitd.ac.in,Barling,United States,03-02-2018
73,Rolando,Blick,Rolando_Blick@hotmail.com,Kihei,United States,07-05-2020
74,Troy,Bost,Troy_Bost@iiitd.ac.in,Baraawe,Somalia,12-12-2019
75,Ester,Saum,Ester_Saum@hotmail.com,Chelmsford,United States,20-08-2020
76,Nedra,Bowen,Nedra_Bowen@gmail.com,Cleveland,United States,17-12-2020
77,Keven,Siers,Keven_Siers@yahoo.com,Vel'ky Saris,Slovakia,08-11-2019
78,Coreen,Grizzell,Coreen_Grizzell@yahoo.com,Sialkot City,Pakistan,21-01-2021
79,Edwina,Tyrell,Edwina_Tyrell@yahoo.com,Bacoor,Philippines,10-04-2020
80,Rachele,Ayres,Rachele_Ayres@yahoo.com,Wakayama,Japan,30-07-2018
81,Marisol,Cadden,Marisol_Cadden@hotmail.com,East Northport,United States,12-09-2020
82,Alia,Mckeen,Alia_Mckeen@gmail.com,Sangeorgiu de Padure,Romania,09-09-2018
83,Berenice,Deshazo,Berenice_Deshazo@gmail.com,Westgate on Sea,United Kingdom,24-07-2020
84,Terisa,Ropp,Terisa_Ropp@iiitd.ac.in,Ballenstedt,Germany,16-03-2018
85,Chara,Bays,Chara_Bays@gmail.com,Audubon,United States,13-11-2020
86,Kamilah,Kawakami,Kamilah_Kawakami@iiitd.ac.in,Snyder,United States,24-01-2020
87,Latina,Armentrout,Latina_Armentrout@hotmail.com,Waitangi,New Zealand,19-12-2019
88,Debrah,Chick,Debrah_Chick@hotmail.com,Heilbronn,Germany,17-02-2020
89,Minh,Hua,Minh_Hua@hotmail.com,Haldensleben,Germany,01-02-2021
90,Nicolas,Nielsen,Nicolas_Nielsen@gmail.com,Osterhofen,Germany,05-09-2020
91,Kenton,Edmisten,Kenton_Edmisten@iiitd.ac.in,Lander,United States,18-08-2018
92,Detra,Chambers,Detra_Chambers@iiitd.ac.in,Bukachacha,Russia,27-07-2020
93,Melodie,Knaub,Melodie_Knaub@gmail.com,Pontotoc,United States,05-12-2019
94,Sal,Utz,Sal_Utz@yahoo.com,Martic,United States,28-09-2020
95,Shawnee,Worley,Shawnee_Worley@iiitd.ac.in,Kitsuki,Japan,15-02-2020
96,Chau,Finkel,Chau_Finkel@hotmail.com,Gadwal,India,11-03-2020
97,Shaunda,Gagne,Shaunda_Gagne@iiitd.ac.in,Verkhoturye,Russia,21-09-2019
98,Asa,Zobel,Asa_Zobel@gmail.com,Kimbe,Papua New Guinea,04-10-2018
99,Frank,Cantley,Frank_Cantley@hotmail.com,Redding,United States,27-05-2018
100,Georgine,Glaspie,Georgine_Glaspie@yahoo.com,Mendota,United States,15-08-2020
101,Chiquita,Pinkerton,Chiquita_Pinkerton@yahoo.com,Sopot,Poland,17-07-2020
102,Kathaleen,Boshart,Kathaleen_Boshart@gmail.com,Long Eaton,United Kingdom,20-01-2021
103,Jeannie,Meacham,Jeannie_Meacham@yahoo.com,Hechingen,Germany,13-05-2020
104,Enid,Nembhard,Enid_Nembhard@iiitd.ac.in,Gordonvale,Australia,21-04-2018
105,Calista,Gaddy,Calista_Gaddy@gmail.com,Hamburg,United States,03-07-2019
106,Isela,Mcdonough,Isela_Mcdonough@iiitd.ac.in,West Rockhill,United States,23-03-2019
107,Dreama,Hawes,Dreama_Hawes@yahoo.com,Waldorf,United States,24-07-2020
108,Arron,Hopple,Arron_Hopple@gmail.com,Harvard,United States,03-08-2019
109,Tuyet,Crosier,Tuyet_Crosier@gmail.com,Torres Novas,Portugal,03-10-2019
110,Traci,Carmouche,Traci_Carmouche@hotmail.com,Luzhou,China,07-04-2020
111,Regina,Cecena,Regina_Cecena@gmail.com,Madang,Papua New Guinea,21-12-2019
112,Mellie,Inskeep,Mellie_Inskeep@hotmail.com,Sheboygan,United States,03-07-2018
113,Deadra,Troia,Deadra_Troia@iiitd.ac.in,Washington,United States,18-02-2020
114,Tania,Ruoff,Tania_Ruoff@yahoo.com,Novopavlovsk,Russia,07-04-2020
115,Arlena,Corona,Arlena_Corona@hotmail.com,Giffnock,United Kingdom,25-05-2020
116,Lillia,Braithwaite,Lillia_Braithwaite@yahoo.com,North Lauderdale,United States,27-06-2019
117,Rana,Anglin,Rana_Anglin@yahoo.com,Kinna,Sweden,10-09-2020
118,Louanne,Milani,Louanne_Milani@gmail.com,Kudamatsu,Japan,08-09-2019
119,Kurtis,Leick,Kurtis_Leick@hotmail.com,Tougue,Guinea,21-10-2019
120,Jeramy,Gaylord,Jeramy_Gaylord@iiitd.ac.in,Kawartha Lakes,Canada,12-01-2018
121,Leslie,Quam,Leslie_Quam@hotmail.com,Upata,Venezuela,28-05-2020
122,Liza,Isham,Liza_Isham@gmail.com,Caldwell,United States,21-05-2020
123,Rolando,Oneal,Rolando_Oneal@yahoo.com,Chestnut Ridge,United States,14-09-2018
124,Sherryl,Brownstein,Sherryl_Brownstein@iiitd.ac.in,Hildesheim,Germany,13-09-2019
125,Ilana,Catalan,Ilana_Catalan@gmail.com,Athens,United States,24-09-2020
126,Taneka,Butter,Taneka_Butter@gmail.com,Helena,United States,12-12-2018
127,Shin,Mccready,Shin_Mccready@gmail.com,Brovary,Ukraine,10-09-2019
128,Angie,Dinan,Angie_Dinan@gmail.com,Pemberton,United States,29-11-2020
129,Margaretta,Majewski,Margaretta_Majewski@gmail.com,Nagykallo,Hungary,03-09-2020
130,Sam,Aschenbrenner,Sam_Aschenbrenner@hotmail.com,Pittston,United States,29-10-2018
131,Stasia,Weishaupt,Stasia_Weishaupt@hotmail.com,Trbovlje,Slovenia,01-01-2020
132,Hillary,Salvas,Hillary_Salvas@hotmail.com,Bramhall,United Kingdom,05-05-2018
133,Sade,Cambra,Sade_Cambra@hotmail.com,Orchha,India,05-08-2019
134,Glady,Osier,Glady_Osier@hotmail.com,Koundara,Guinea,10-10-2018
135,Lasandra,Rada,Lasandra_Rada@hotmail.com,Bollington,United Kingdom,25-06-2018
136,Meridith,Lev,Meridith_Lev@gmail.com,Saranac Lake,United States,31-05-2020
137,Sheilah,Farnes,Sheilah_Farnes@gmail.com,Liaoyang,China,03-12-2020
138,Candelaria,Alsobrook,Candelaria_Alsobrook@iiitd.ac.in,Shanklin,United Kingdom,17-01-2020
139,Noe,Cowart,Noe_Cowart@hotmail.com,Torpoint,United Kingdom,15-08-2019
140,Yvone,Reichel,Yvone_Reichel@yahoo.com,Chiryu,Japan,25-03-2018
141,Jim,Tinney,Jim_Tinney@hotmail.com,Turicato,Mexico,28-04-2018
142,Asha,Golden,Asha_Golden@iiitd.ac.in,Phetchaburi,Thailand,05-10-2019
143,Shavonda,Hyde,Shavonda_Hyde@hotmail.com,Tomiya,Japan,18-06-2019
144,Bert,Devilbiss,Bert_Devilbiss@hotmail.com,Shuizhai,China,27-09-2020
145,Ula,Meller,Ula_Meller@yahoo.com,Kouroussa,Guinea,14-07-2019
146,Valery,Carrigan,Valery_Carrigan@gmail.com,Woodward,United States,31-08-2018
147,Danna,Brashears,Danna_Brashears@gmail.com,Chauk,Burma,02-11-2019
148,Eulalia,Mckibben,Eulalia_Mckibben@hotmail.com,Aden,Yemen,14-07-2020
149,Tula,Bilal,Tula_Bilal@gmail.com,Songea,Tanzania,06-12-2018
150,Maris,Hartline,Maris_Hartline@hotmail.com,Vrsac,Serbia,27-04-2020
